-- phpMyAdmin SQL Dump
-- version 5.0.1
-- https://www.phpmyadmin.net/
--
-- Servidor: localhost
-- Tiempo de generación: 14-01-2021 a las 21:21:32
-- Versión del servidor: 10.4.11-MariaDB
-- Versión de PHP: 7.2.27

SET SQL_MODE = "NO_AUTO_VALUE_ON_ZERO";
SET AUTOCOMMIT = 0;
START TRANSACTION;
SET time_zone = "+00:00";


/*!40101 SET @OLD_CHARACTER_SET_CLIENT=@@CHARACTER_SET_CLIENT */;
/*!40101 SET @OLD_CHARACTER_SET_RESULTS=@@CHARACTER_SET_RESULTS */;
/*!40101 SET @OLD_COLLATION_CONNECTION=@@COLLATION_CONNECTION */;
/*!40101 SET NAMES utf8mb4 */;

--
-- Base de datos: `grupoasi_autogestion`
--

-- --------------------------------------------------------

--
-- Estructura de tabla para la tabla `aulas_virtuales`
--

CREATE TABLE `aulas_virtuales` (
  `id` int(11) NOT NULL,
  `url` varchar(255) DEFAULT NULL,
  `descripcion` varchar(255) DEFAULT NULL,
  `estado` tinyint(1) DEFAULT NULL,
  `categorias_id` int(11) NOT NULL
) ENGINE=InnoDB DEFAULT CHARSET=utf8mb4;

-- --------------------------------------------------------

--
-- Estructura de tabla para la tabla `categorias`
--

CREATE TABLE `categorias` (
  `id` int(11) NOT NULL,
  `categoria` varchar(150) DEFAULT NULL
) ENGINE=InnoDB DEFAULT CHARSET=utf8mb4;

-- --------------------------------------------------------

--
-- Estructura de tabla para la tabla `ciudades`
--

CREATE TABLE `ciudades` (
  `id` int(11) NOT NULL,
  `nombre_ciudad` varchar(150) DEFAULT NULL,
  `codigo_dane` varchar(45) DEFAULT NULL,
  `departamentos_id` int(11) NOT NULL
) ENGINE=InnoDB DEFAULT CHARSET=utf8mb4;

--
-- Volcado de datos para la tabla `ciudades`
--

INSERT INTO `ciudades` (`id`, `nombre_ciudad`, `codigo_dane`, `departamentos_id`) VALUES
(2, 'MEDELLIN', '16905001', 1),
(3, 'ABEJORRAL', '16905002', 1),
(4, 'ABRIAQUI', '16905004', 1),
(5, 'ALEJANDRIA', '16905021', 1),
(6, 'AMAGA', '16905030', 1),
(7, 'AMALFI', '16905031', 1),
(8, 'ANDES', '16905034', 1),
(9, 'ANGELOPOLIS', '16905036', 1),
(10, 'ANGOSTURA', '16905038', 1),
(11, 'ANORI', '16905040', 1),
(12, 'SANTAFE DE ANTIOQUIA', '16905042', 1),
(13, 'ANZA', '16905044', 1),
(14, 'APARTADO', '16905045', 1),
(15, 'ARBOLETES', '16905051', 1),
(16, 'ARGELIA', '16905055', 1),
(17, 'ARMENIA', '16905059', 1),
(18, 'BARBOSA', '16905079', 1),
(19, 'BELMIRA', '16905086', 1),
(20, 'BELLO', '16905088', 1),
(21, 'BETANIA', '16905091', 1),
(22, 'BETULIA', '16905093', 1),
(23, 'CIUDAD BOLIVAR', '16905101', 1),
(24, 'BRICEŃO', '16905107', 1),
(25, 'BURITICA', '16905113', 1),
(26, 'CACERES', '16905120', 1),
(27, 'CAICEDO', '16905125', 1),
(28, 'CALDAS', '16905129', 1),
(29, 'CAMPAMENTO', '16905134', 1),
(30, 'CAŃASGORDAS', '16905138', 1),
(31, 'CARACOLI', '16905142', 1),
(32, 'CARAMANTA', '16905145', 1),
(33, 'CAREPA', '16905147', 1),
(34, 'EL CARMEN DE VIBORAL', '16905148', 1),
(35, 'CAROLINA', '16905150', 1),
(36, 'CAUCASIA', '16905154', 1),
(37, 'CHIGORODO', '16905172', 1),
(38, 'CISNEROS', '16905190', 1),
(39, 'COCORNA', '16905197', 1),
(40, 'CONCEPCION', '16905206', 1),
(41, 'CONCORDIA', '16905209', 1),
(42, 'COPACABANA', '16905212', 1),
(43, 'DABEIBA', '16905234', 1),
(44, 'DON MATIAS', '16905237', 1),
(45, 'EBEJICO', '16905240', 1),
(46, 'EL BAGRE', '16905250', 1),
(47, 'ENTRERRIOS', '16905264', 1),
(48, 'ENVIGADO', '16905266', 1),
(49, 'FREDONIA', '16905282', 1),
(50, 'FRONTINO', '16905284', 1),
(51, 'GIRALDO', '16905306', 1),
(52, 'GIRARDOTA', '16905308', 1),
(53, 'GOMEZ PLATA', '16905310', 1),
(54, 'GRANADA', '16905313', 1),
(55, 'GUADALUPE', '16905315', 1),
(56, 'GUARNE', '16905318', 1),
(57, 'GUATAPE', '16905321', 1),
(58, 'HELICONIA', '16905347', 1),
(59, 'HISPANIA', '16905353', 1),
(60, 'ITAGUI', '16905360', 1),
(61, 'ITUANGO', '16905361', 1),
(62, 'JARDIN', '16905364', 1),
(63, 'JERICO', '16905368', 1),
(64, 'LA CEJA', '16905376', 1),
(65, 'LA ESTRELLA', '16905380', 1),
(66, 'LA PINTADA', '16905390', 1),
(67, 'LA UNION', '16905400', 1),
(68, 'LIBORINA', '16905411', 1),
(69, 'MACEO', '16905425', 1),
(70, 'MARINILLA', '16905440', 1),
(71, 'MONTEBELLO', '16905467', 1),
(72, 'MURINDO', '16905475', 1),
(73, 'MUTATA', '16905480', 1),
(74, 'NARIŃO', '16905483', 1),
(75, 'NECOCLI', '16905490', 1),
(76, 'NECHI', '16905495', 1),
(77, 'OLAYA', '16905501', 1),
(78, 'PEĐOL', '16905541', 1),
(79, 'PEQUE', '16905543', 1),
(80, 'PUEBLORRICO', '16905576', 1),
(81, 'PUERTO BERRIO', '16905579', 1),
(82, 'PUERTO NARE', '16905585', 1),
(83, 'PUERTO TRIUNFO', '16905591', 1),
(84, 'REMEDIOS', '16905604', 1),
(85, 'RETIRO', '16905607', 1),
(86, 'RIONEGRO', '16905615', 1),
(87, 'SABANALARGA', '16905628', 1),
(88, 'SABANETA', '16905631', 1),
(89, 'SALGAR', '16905642', 1),
(90, 'SAN ANDRES DE CUERQUIA', '16905647', 1),
(91, 'SAN CARLOS', '16905649', 1),
(92, 'SAN FRANCISCO', '16905652', 1),
(93, 'SAN JERONIMO', '16905656', 1),
(94, 'SAN JOSE DE LA MONTAŃA', '16905658', 1),
(95, 'SAN JUAN DE URABA', '16905659', 1),
(96, 'SAN LUIS', '16905660', 1),
(97, 'SAN PEDRO', '16905664', 1),
(98, 'SAN PEDRO DE URABA', '16905665', 1),
(99, 'SAN RAFAEL', '16905667', 1),
(100, 'SAN ROQUE', '16905670', 1),
(101, 'SAN VICENTE', '16905674', 1),
(102, 'SANTA BARBARA', '16905679', 1),
(103, 'SANTA ROSA DE OSOS', '16905686', 1),
(104, 'SANTO DOMINGO', '16905690', 1),
(105, 'EL SANTUARIO', '16905697', 1),
(106, 'SEGOVIA', '16905736', 1),
(107, 'SONSON', '16905756', 1),
(108, 'SOPETRAN', '16905761', 1),
(109, 'TAMESIS', '16905789', 1),
(110, 'TARAZA', '16905790', 1),
(111, 'TARSO', '16905792', 1),
(112, 'TITIRIBI', '16905809', 1),
(113, 'TOLEDO', '16905819', 1),
(114, 'TURBO', '16905837', 1),
(115, 'URAMITA', '16905842', 1),
(116, 'URRAO', '16905847', 1),
(117, 'VALDIVIA', '16905854', 1),
(118, 'VALPARAISO', '16905856', 1),
(119, 'VEGACHI', '16905858', 1),
(120, 'VENECIA', '16905861', 1),
(121, 'VIGIA DEL FUERTE', '16905873', 1),
(122, 'YALI', '16905885', 1),
(123, 'YARUMAL', '16905887', 1),
(124, 'YOLOMBO', '16905890', 1),
(125, 'YONDO', '16905893', 1),
(126, 'ZARAGOZA', '16905895', 1),
(127, 'BARRANQUILLA', '16908001', 2),
(128, 'BARANOA', '16908078', 2),
(129, 'CAMPO DE LA CRUZ', '16908137', 2),
(130, 'CANDELARIA', '16908141', 2),
(131, 'GALAPA', '16908296', 2),
(132, 'JUAN DE ACOSTA', '16908372', 2),
(133, 'LURUACO', '16908421', 2),
(134, 'MALAMBO', '16908433', 2),
(135, 'MANATI', '16908436', 2),
(136, 'PALMAR DE VARELA', '16908520', 2),
(137, 'PIOJO', '16908549', 2),
(138, 'POLONUEVO', '16908558', 2),
(139, 'PONEDERA', '16908560', 2),
(140, 'PUERTO COLOMBIA', '16908573', 2),
(141, 'REPELON', '16908606', 2),
(142, 'SABANAGRANDE', '16908634', 2),
(143, 'SABANALARGA', '16908638', 2),
(144, 'SANTA LUCIA', '16908675', 2),
(145, 'SANTO TOMAS', '16908685', 2),
(146, 'SOLEDAD', '16908758', 2),
(147, 'SUAN', '16908770', 2),
(148, 'TUBARA', '16908832', 2),
(149, 'USIACURI', '16908849', 2),
(150, 'BOGOTA, D.C.', '16911001', 3),
(151, 'CARTAGENA', '16913001', 4),
(152, 'ACHI', '16913006', 4),
(153, 'ALTOS DEL ROSARIO', '16913030', 4),
(154, 'ARENAL', '16913042', 4),
(155, 'ARJONA', '16913052', 4),
(156, 'ARROYOHONDO', '16913062', 4),
(157, 'BARRANCO DE LOBA', '16913074', 4),
(158, 'CALAMAR', '16913140', 4),
(159, 'CANTAGALLO', '16913160', 4),
(160, 'CICUCO', '16913188', 4),
(161, 'CORDOBA', '16913212', 4),
(162, 'CLEMENCIA', '16913222', 4),
(163, 'EL CARMEN DE BOLIVAR', '16913244', 4),
(164, 'EL GUAMO', '16913248', 4),
(165, 'EL PEŃON', '16913268', 4),
(166, 'HATILLO DE LOBA', '16913300', 4),
(167, 'MAGANGUE', '16913430', 4),
(168, 'MAHATES', '16913433', 4),
(169, 'MARGARITA', '16913440', 4),
(170, 'MARIA LA BAJA', '16913442', 4),
(171, 'MONTECRISTO', '16913458', 4),
(172, 'MOMPOS', '16913468', 4),
(173, 'NOROSI', '16913490', 4),
(174, 'MORALES', '16913473', 4),
(175, 'PINILLOS', '16913549', 4),
(176, 'REGIDOR', '16913580', 4),
(177, 'RIO VIEJO', '16913600', 4),
(178, 'SAN CRISTOBAL', '16913620', 4),
(179, 'SAN ESTANISLAO', '16913647', 4),
(180, 'SAN FERNANDO', '16913650', 4),
(181, 'SAN JACINTO', '16913654', 4),
(182, 'SAN JACINTO DEL CAUCA', '16913655', 4),
(183, 'SAN JUAN NEPOMUCENO', '16913657', 4),
(184, 'SAN MARTIN DE LOBA', '16913667', 4),
(185, 'SAN PABLO', '16913670', 4),
(186, 'SANTA CATALINA', '16913673', 4),
(187, 'SANTA ROSA', '16913683', 4),
(188, 'SANTA ROSA DEL SUR', '16913688', 4),
(189, 'SIMITI', '16913744', 4),
(190, 'SOPLAVIENTO', '16913760', 4),
(191, 'TALAIGUA NUEVO', '16913780', 4),
(192, 'TIQUISIO', '16913810', 4),
(193, 'TURBACO', '16913836', 4),
(194, 'TURBANA', '16913838', 4),
(195, 'VILLANUEVA', '16913873', 4),
(196, 'ZAMBRANO', '16913894', 4),
(197, 'TUNJA', '16915001', 5),
(198, 'ALMEIDA', '16915022', 5),
(199, 'AQUITANIA', '16915047', 5),
(200, 'ARCABUCO', '16915051', 5),
(201, 'BELEN', '16915087', 5),
(202, 'BERBEO', '16915090', 5),
(203, 'BETEITIVA', '16915092', 5),
(204, 'BOAVITA', '16915097', 5),
(205, 'BOYACA', '16915104', 5),
(206, 'BRICEŃO', '16915106', 5),
(207, 'BUENAVISTA', '16915109', 5),
(208, 'BUSBANZA', '16915114', 5),
(209, 'CALDAS', '16915131', 5),
(210, 'CAMPOHERMOSO', '16915135', 5),
(211, 'CERINZA', '16915162', 5),
(212, 'CHINAVITA', '16915172', 5),
(213, 'CHIQUINQUIRA', '16915176', 5),
(214, 'CHISCAS', '16915180', 5),
(215, 'CHITA', '16915183', 5),
(216, 'CHITARAQUE', '16915185', 5),
(217, 'CHIVATA', '16915187', 5),
(218, 'CIENEGA', '16915189', 5),
(219, 'COMBITA', '16915204', 5),
(220, 'COPER', '16915212', 5),
(221, 'CORRALES', '16915215', 5),
(222, 'COVARACHIA', '16915218', 5),
(223, 'CUBARA', '16915223', 5),
(224, 'CUCAITA', '16915224', 5),
(225, 'CUITIVA', '16915226', 5),
(226, 'CHIQUIZA', '16915232', 5),
(227, 'CHIVOR', '16915236', 5),
(228, 'DUITAMA', '16915238', 5),
(229, 'EL COCUY', '16915244', 5),
(230, 'EL ESPINO', '16915248', 5),
(231, 'FIRAVITOBA', '16915272', 5),
(232, 'FLORESTA', '16915276', 5),
(233, 'GACHANTIVA', '16915293', 5),
(234, 'GAMEZA', '16915296', 5),
(235, 'GARAGOA', '16915299', 5),
(236, 'GUACAMAYAS', '16915317', 5),
(237, 'GUATEQUE', '16915322', 5),
(238, 'GUAYATA', '16915325', 5),
(239, 'GsICAN', '16915332', 5),
(240, 'IZA', '16915362', 5),
(241, 'JENESANO', '16915367', 5),
(242, 'JERICO', '16915368', 5),
(243, 'LABRANZAGRANDE', '16915377', 5),
(244, 'LA CAPILLA', '16915380', 5),
(245, 'LA VICTORIA', '16915401', 5),
(246, 'LA UVITA', '16915403', 5),
(247, 'VILLA DE LEYVA', '16915407', 5),
(248, 'MACANAL', '16915425', 5),
(249, 'MARIPI', '16915442', 5),
(250, 'MIRAFLORES', '16915455', 5),
(251, 'MONGUA', '16915464', 5),
(252, 'MONGUI', '16915466', 5),
(253, 'MONIQUIRA', '16915469', 5),
(254, 'MOTAVITA', '16915476', 5),
(255, 'MUZO', '16915480', 5),
(256, 'NOBSA', '16915491', 5),
(257, 'NUEVO COLON', '16915494', 5),
(258, 'OICATA', '16915500', 5),
(259, 'OTANCHE', '16915507', 5),
(260, 'PACHAVITA', '16915511', 5),
(261, 'PAEZ', '16915514', 5),
(262, 'PAIPA', '16915516', 5),
(263, 'PAJARITO', '16915518', 5),
(264, 'PANQUEBA', '16915522', 5),
(265, 'PAUNA', '16915531', 5),
(266, 'PAYA', '16915533', 5),
(267, 'PAZ DE RIO', '16915537', 5),
(268, 'PESCA', '16915542', 5),
(269, 'PISBA', '16915550', 5),
(270, 'PUERTO BOYACA', '16915572', 5),
(271, 'QUIPAMA', '16915580', 5),
(272, 'RAMIRIQUI', '16915599', 5),
(273, 'RAQUIRA', '16915600', 5),
(274, 'RONDON', '16915621', 5),
(275, 'SABOYA', '16915632', 5),
(276, 'SACHICA', '16915638', 5),
(277, 'SAMACA', '16915646', 5),
(278, 'SAN EDUARDO', '16915660', 5),
(279, 'SAN JOSE DE PARE', '16915664', 5),
(280, 'SAN LUIS DE GACENO', '16915667', 5),
(281, 'SAN MATEO', '16915673', 5),
(282, 'SAN MIGUEL DE SEMA', '16915676', 5),
(283, 'SAN PABLO DE BORBUR', '16915681', 5),
(284, 'SANTANA', '16915686', 5),
(285, 'SANTA MARIA', '16915690', 5),
(286, 'SANTA ROSA DE VITERBO', '16915693', 5),
(287, 'SANTA SOFIA', '16915696', 5),
(288, 'SATIVANORTE', '16915720', 5),
(289, 'SATIVASUR', '16915723', 5),
(290, 'SIACHOQUE', '16915740', 5),
(291, 'SOATA', '16915753', 5),
(292, 'SOCOTA', '16915755', 5),
(293, 'SOCHA', '16915757', 5),
(294, 'SOGAMOSO', '16915759', 5),
(295, 'SOMONDOCO', '16915761', 5),
(296, 'SORA', '16915762', 5),
(297, 'SOTAQUIRA', '16915763', 5),
(298, 'SORACA', '16915764', 5),
(299, 'SUSACON', '16915774', 5),
(300, 'SUTAMARCHAN', '16915776', 5),
(301, 'SUTATENZA', '16915778', 5),
(302, 'TASCO', '16915790', 5),
(303, 'TENZA', '16915798', 5),
(304, 'TIBANA', '16915804', 5),
(305, 'TIBASOSA', '16915806', 5),
(306, 'TINJACA', '16915808', 5),
(307, 'TIPACOQUE', '16915810', 5),
(308, 'TOCA', '16915814', 5),
(309, 'TOGsI', '16915816', 5),
(310, 'TOPAGA', '16915820', 5),
(311, 'TOTA', '16915822', 5),
(312, 'TUNUNGUA', '16915832', 5),
(313, 'TURMEQUE', '16915835', 5),
(314, 'TUTA', '16915837', 5),
(315, 'TUTAZA', '16915839', 5),
(316, 'UMBITA', '16915842', 5),
(317, 'VENTAQUEMADA', '16915861', 5),
(318, 'VIRACACHA', '16915879', 5),
(319, 'ZETAQUIRA', '16915897', 5),
(320, 'MANIZALES', '16917001', 6),
(321, 'AGUADAS', '16917013', 6),
(322, 'ANSERMA', '16917042', 6),
(323, 'ARANZAZU', '16917050', 6),
(324, 'BELALCAZAR', '16917088', 6),
(325, 'CHINCHINA', '16917174', 6),
(326, 'FILADELFIA', '16917272', 6),
(327, 'LA DORADA', '16917380', 6),
(328, 'LA MERCED', '16917388', 6),
(329, 'MANZANARES', '16917433', 6),
(330, 'MARMATO', '16917442', 6),
(331, 'MARQUETALIA', '16917444', 6),
(332, 'MARULANDA', '16917446', 6),
(333, 'NEIRA', '16917486', 6),
(334, 'NORCASIA', '16917495', 6),
(335, 'PACORA', '16917513', 6),
(336, 'PALESTINA', '16917524', 6),
(337, 'PENSILVANIA', '16917541', 6),
(338, 'RIOSUCIO', '16917614', 6),
(339, 'RISARALDA', '16917616', 6),
(340, 'SALAMINA', '16917653', 6),
(341, 'SAMANA', '16917662', 6),
(342, 'SAN JOSE', '16917665', 6),
(343, 'SUPIA', '16917777', 6),
(344, 'VICTORIA', '16917867', 6),
(345, 'VILLAMARIA', '16917873', 6),
(346, 'VITERBO', '16917877', 6),
(347, 'FLORENCIA', '16918001', 7),
(348, 'ALBANIA', '16918029', 7),
(349, 'BELEN DE LOS ANDAQUIES', '16918094', 7),
(350, 'CARTAGENA DEL CHAIRA', '16918150', 7),
(351, 'CURILLO', '16918205', 7),
(352, 'EL DONCELLO', '16918247', 7),
(353, 'EL PAUJIL', '16918256', 7),
(354, 'LA MONTAŃITA', '16918410', 7),
(355, 'MILAN', '16918460', 7),
(356, 'MORELIA', '16918479', 7),
(357, 'PUERTO RICO', '16918592', 7),
(358, 'SAN JOSE DEL FRAGUA', '16918610', 7),
(359, 'SAN VICENTE DEL CAGUAN', '16918753', 7),
(360, 'SOLANO', '16918756', 7),
(361, 'SOLITA', '16918785', 7),
(362, 'VALPARAISO', '16918860', 7),
(363, 'POPAYAN', '16919001', 8),
(364, 'ALMAGUER', '16919022', 8),
(365, 'ARGELIA', '16919050', 8),
(366, 'BALBOA', '16919075', 8),
(367, 'BOLIVAR', '16919100', 8),
(368, 'BUENOS AIRES', '16919110', 8),
(369, 'CAJIBIO', '16919130', 8),
(370, 'CALDONO', '16919137', 8),
(371, 'CALOTO', '16919142', 8),
(372, 'CORINTO', '16919212', 8),
(373, 'EL TAMBO', '16919256', 8),
(374, 'FLORENCIA', '16919290', 8),
(375, 'GUACHENE', '16919300', 8),
(376, 'GUAPI', '16919318', 8),
(377, 'INZA', '16919355', 8),
(378, 'JAMBALO', '16919364', 8),
(379, 'LA SIERRA', '16919392', 8),
(380, 'LA VEGA', '16919397', 8),
(381, 'LOPEZ', '16919418', 8),
(382, 'MERCADERES', '16919450', 8),
(383, 'MIRANDA', '16919455', 8),
(384, 'MORALES', '16919473', 8),
(385, 'PADILLA', '16919513', 8),
(386, 'PAEZ', '16919517', 8),
(387, 'PATIA', '16919532', 8),
(388, 'PIAMONTE', '16919533', 8),
(389, 'PIENDAMO', '16919548', 8),
(390, 'PUERTO TEJADA', '16919573', 8),
(391, 'PURACE', '16919585', 8),
(392, 'ROSAS', '16919622', 8),
(393, 'SAN SEBASTIAN', '16919693', 8),
(394, 'SANTANDER DE QUILICHAO', '16919698', 8),
(395, 'SANTA ROSA', '16919701', 8),
(396, 'SILVIA', '16919743', 8),
(397, 'SOTARA', '16919760', 8),
(398, 'SUAREZ', '16919780', 8),
(399, 'SUCRE', '16919785', 8),
(400, 'TIMBIO', '16919807', 8),
(401, 'TIMBIQUI', '16919809', 8),
(402, 'TORIBIO', '16919821', 8),
(403, 'TOTORO', '16919824', 8),
(404, 'VILLA RICA', '16919845', 8),
(405, 'VALLEDUPAR', '16920001', 9),
(406, 'AGUACHICA', '16920011', 9),
(407, 'AGUSTIN CODAZZI', '16920013', 9),
(408, 'ASTREA', '16920032', 9),
(409, 'BECERRIL', '16920045', 9),
(410, 'BOSCONIA', '16920060', 9),
(411, 'CHIMICHAGUA', '16920175', 9),
(412, 'CHIRIGUANA', '16920178', 9),
(413, 'CURUMANI', '16920228', 9),
(414, 'EL COPEY', '16920238', 9),
(415, 'EL PASO', '16920250', 9),
(416, 'GAMARRA', '16920295', 9),
(417, 'GONZALEZ', '16920310', 9),
(418, 'LA GLORIA', '16920383', 9),
(419, 'LA JAGUA DE IBIRICO', '16920400', 9),
(420, 'MANAURE', '16920443', 9),
(421, 'PAILITAS', '16920517', 9),
(422, 'PELAYA', '16920550', 9),
(423, 'PUEBLO BELLO', '16920570', 9),
(424, 'RIO DE ORO', '16920614', 9),
(425, 'LA PAZ', '16920621', 9),
(426, 'SAN ALBERTO', '16920710', 9),
(427, 'SAN DIEGO', '16920750', 9),
(428, 'SAN MARTIN', '16920770', 9),
(429, 'TAMALAMEQUE', '16920787', 9),
(430, 'MONTERIA', '16923001', 10),
(431, 'AYAPEL', '16923068', 10),
(432, 'BUENAVISTA', '16923079', 10),
(433, 'CANALETE', '16923090', 10),
(434, 'CERETE', '16923162', 10),
(435, 'CHIMA', '16923168', 10),
(436, 'CHINU', '16923182', 10),
(437, 'CIENAGA DE ORO', '16923189', 10),
(438, 'COTORRA', '16923300', 10),
(439, 'LA APARTADA', '16923350', 10),
(440, 'LORICA', '16923417', 10),
(441, 'LOS CORDOBAS', '16923419', 10),
(442, 'MOMIL', '16923464', 10),
(443, 'MONTELIBANO', '16923466', 10),
(444, 'MOŃITOS', '16923500', 10),
(445, 'PLANETA RICA', '16923555', 10),
(446, 'PUEBLO NUEVO', '16923570', 10),
(447, 'PUERTO ESCONDIDO', '16923574', 10),
(448, 'PUERTO LIBERTADOR', '16923580', 10),
(449, 'PURISIMA', '16923586', 10),
(450, 'SAHAGUN', '16923660', 10),
(451, 'SAN ANDRES SOTAVENTO', '16923670', 10),
(452, 'SAN ANTERO', '16923672', 10),
(453, 'SAN BERNARDO DEL VIENTO', '16923675', 10),
(454, 'SAN CARLOS', '16923678', 10),
(455, 'SAN PELAYO', '16923686', 10),
(456, 'TIERRALTA', '16923807', 10),
(457, 'VALENCIA', '16923855', 10),
(458, 'AGUA DE DIOS', '16925001', 11),
(459, 'ALBAN', '16925019', 11),
(460, 'ANAPOIMA', '16925035', 11),
(461, 'ANOLAIMA', '16925040', 11),
(462, 'ARBELAEZ', '16925053', 11),
(463, 'BELTRAN', '16925086', 11),
(464, 'BITUIMA', '16925095', 11),
(465, 'BOJACA', '16925099', 11),
(466, 'CABRERA', '16925120', 11),
(467, 'CACHIPAY', '16925123', 11),
(468, 'CAJICA', '16925126', 11),
(469, 'CAPARRAPI', '16925148', 11),
(470, 'CAQUEZA', '16925151', 11),
(471, 'CARMEN DE CARUPA', '16925154', 11),
(472, 'CHAGUANI', '16925168', 11),
(473, 'CHIA', '16925175', 11),
(474, 'CHIPAQUE', '16925178', 11),
(475, 'CHOACHI', '16925181', 11),
(476, 'CHOCONTA', '16925183', 11),
(477, 'COGUA', '16925200', 11),
(478, 'COTA', '16925214', 11),
(479, 'CUCUNUBA', '16925224', 11),
(480, 'EL COLEGIO', '16925245', 11),
(481, 'EL PEŃON', '16925258', 11),
(482, 'EL ROSAL', '16925260', 11),
(483, 'FACATATIVA', '16925269', 11),
(484, 'FOMEQUE', '16925279', 11),
(485, 'FOSCA', '16925281', 11),
(486, 'FUNZA', '16925286', 11),
(487, 'FUQUENE', '16925288', 11),
(488, 'FUSAGASUGA', '16925290', 11),
(489, 'GACHALA', '16925293', 11),
(490, 'GACHANCIPA', '16925295', 11),
(491, 'GACHETA', '16925297', 11),
(492, 'GAMA', '16925299', 11),
(493, 'GIRARDOT', '16925307', 11),
(494, 'GRANADA', '16925312', 11),
(495, 'GUACHETA', '16925317', 11),
(496, 'GUADUAS', '16925320', 11),
(497, 'GUASCA', '16925322', 11),
(498, 'GUATAQUI', '16925324', 11),
(499, 'GUATAVITA', '16925326', 11),
(500, 'GUAYABAL DE SIQUIMA', '16925328', 11),
(501, 'GUAYABETAL', '16925335', 11),
(502, 'GUTIERREZ', '16925339', 11),
(503, 'JERUSALEN', '16925368', 11),
(504, 'JUNIN', '16925372', 11),
(505, 'LA CALERA', '16925377', 11),
(506, 'LA MESA', '16925386', 11),
(507, 'LA PALMA', '16925394', 11),
(508, 'LA PEŃA', '16925398', 11),
(509, 'LA VEGA', '16925402', 11),
(510, 'LENGUAZAQUE', '16925407', 11),
(511, 'MACHETA', '16925426', 11),
(512, 'MADRID', '16925430', 11),
(513, 'MANTA', '16925436', 11),
(514, 'MEDINA', '16925438', 11),
(515, 'MOSQUERA', '16925473', 11),
(516, 'NARIŃO', '16925483', 11),
(517, 'NEMOCON', '16925486', 11),
(518, 'NILO', '16925488', 11),
(519, 'NIMAIMA', '16925489', 11),
(520, 'NOCAIMA', '16925491', 11),
(521, 'VENECIA', '16925506', 11),
(522, 'PACHO', '16925513', 11),
(523, 'PAIME', '16925518', 11),
(524, 'PANDI', '16925524', 11),
(525, 'PARATEBUENO', '16925530', 11),
(526, 'PASCA', '16925535', 11),
(527, 'PUERTO SALGAR', '16925572', 11),
(528, 'PULI', '16925580', 11),
(529, 'QUEBRADANEGRA', '16925592', 11),
(530, 'QUETAME', '16925594', 11),
(531, 'QUIPILE', '16925596', 11),
(532, 'APULO', '16925599', 11),
(533, 'RICAURTE', '16925612', 11),
(534, 'SAN ANTONIO DEL TEQUENDAMA', '16925645', 11),
(535, 'SAN BERNARDO', '16925649', 11),
(536, 'SAN CAYETANO', '16925653', 11),
(537, 'SAN FRANCISCO', '16925658', 11),
(538, 'SAN JUAN DE RIO SECO', '16925662', 11),
(539, 'SASAIMA', '16925718', 11),
(540, 'SESQUILE', '16925736', 11),
(541, 'SIBATE', '16925740', 11),
(542, 'SILVANIA', '16925743', 11),
(543, 'SIMIJACA', '16925745', 11),
(544, 'SOACHA', '16925754', 11),
(545, 'SOPO', '16925758', 11),
(546, 'SUBACHOQUE', '16925769', 11),
(547, 'SUESCA', '16925772', 11),
(548, 'SUPATA', '16925777', 11),
(549, 'SUSA', '16925779', 11),
(550, 'SUTATAUSA', '16925781', 11),
(551, 'TABIO', '16925785', 11),
(552, 'TAUSA', '16925793', 11),
(553, 'TENA', '16925797', 11),
(554, 'TENJO', '16925799', 11),
(555, 'TIBACUY', '16925805', 11),
(556, 'TIBIRITA', '16925807', 11),
(557, 'TOCAIMA', '16925815', 11),
(558, 'TOCANCIPA', '16925817', 11),
(559, 'TOPAIPI', '16925823', 11),
(560, 'UBALA', '16925839', 11),
(561, 'UBAQUE', '16925841', 11),
(562, 'VILLA DE SAN DIEGO DE UBATE', '16925843', 11),
(563, 'UNE', '16925845', 11),
(564, 'UTICA', '16925851', 11),
(565, 'VERGARA', '16925862', 11),
(566, 'VIANI', '16925867', 11),
(567, 'VILLAGOMEZ', '16925871', 11),
(568, 'VILLAPINZON', '16925873', 11),
(569, 'VILLETA', '16925875', 11),
(570, 'VIOTA', '16925878', 11),
(571, 'YACOPI', '16925885', 11),
(572, 'ZIPACON', '16925898', 11),
(573, 'ZIPAQUIRA', '16925899', 11),
(574, 'QUIBDO', '16927001', 12),
(575, 'ACANDI', '16927006', 12),
(576, 'ALTO BAUDO', '16927025', 12),
(577, 'ATRATO', '16927050', 12),
(578, 'BAGADO', '16927073', 12),
(579, 'BAHIA SOLANO', '16927075', 12),
(580, 'BAJO BAUDO', '16927077', 12),
(581, 'BOJAYA', '16927099', 12),
(582, 'EL CANTON DEL SAN PABLO', '16927135', 12),
(583, 'CARMEN DEL DARIEN', '16927150', 12),
(584, 'CERTEGUI', '16927160', 12),
(585, 'CONDOTO', '16927205', 12),
(586, 'EL CARMEN DE ATRATO', '16927245', 12),
(587, 'EL LITORAL DEL SAN JUAN', '16927250', 12),
(588, 'ISTMINA', '16927361', 12),
(589, 'JURADO', '16927372', 12),
(590, 'LLORO', '16927413', 12),
(591, 'MEDIO ATRATO', '16927425', 12),
(592, 'MEDIO BAUDO', '16927430', 12),
(593, 'MEDIO SAN JUAN', '16927450', 12),
(594, 'NOVITA', '16927491', 12),
(595, 'NUQUI', '16927495', 12),
(596, 'RIO IRO', '16927580', 12),
(597, 'RIO QUITO', '16927600', 12),
(598, 'RIOSUCIO', '16927615', 12),
(599, 'SAN JOSE DEL PALMAR', '16927660', 12),
(600, 'SIPI', '16927745', 12),
(601, 'TADO', '16927787', 12),
(602, 'UNGUIA', '16927800', 12),
(603, 'UNION PANAMERICANA', '16927810', 12),
(604, 'NEIVA', '16941001', 13),
(605, 'ACEVEDO', '16941006', 13),
(606, 'AGRADO', '16941013', 13),
(607, 'AIPE', '16941016', 13),
(608, 'ALGECIRAS', '16941020', 13),
(609, 'ALTAMIRA', '16941026', 13),
(610, 'BARAYA', '16941078', 13),
(611, 'CAMPOALEGRE', '16941132', 13),
(612, 'COLOMBIA', '16941206', 13),
(613, 'ELIAS', '16941244', 13),
(614, 'GARZON', '16941298', 13),
(615, 'GIGANTE', '16941306', 13),
(616, 'GUADALUPE', '16941319', 13),
(617, 'HOBO', '16941349', 13),
(618, 'IQUIRA', '16941357', 13),
(619, 'ISNOS', '16941359', 13),
(620, 'LA ARGENTINA', '16941378', 13),
(621, 'LA PLATA', '16941396', 13),
(622, 'NATAGA', '16941483', 13),
(623, 'OPORAPA', '16941503', 13),
(624, 'PAICOL', '16941518', 13),
(625, 'PALERMO', '16941524', 13),
(626, 'PALESTINA', '16941530', 13),
(627, 'PITAL', '16941548', 13),
(628, 'PITALITO', '16941551', 13),
(629, 'RIVERA', '16941615', 13),
(630, 'SALADOBLANCO', '16941660', 13),
(631, 'SAN AGUSTIN', '16941668', 13),
(632, 'SANTA MARIA', '16941676', 13),
(633, 'SUAZA', '16941770', 13),
(634, 'TARQUI', '16941791', 13),
(635, 'TESALIA', '16941797', 13),
(636, 'TELLO', '16941799', 13),
(637, 'TERUEL', '16941801', 13),
(638, 'TIMANA', '16941807', 13),
(639, 'VILLAVIEJA', '16941872', 13),
(640, 'YAGUARA', '16941885', 13),
(641, 'RIOHACHA', '16944001', 14),
(642, 'ALBANIA', '16944035', 14),
(643, 'BARRANCAS', '16944078', 14),
(644, 'DIBULLA', '16944090', 14),
(645, 'DISTRACCION', '16944098', 14),
(646, 'EL MOLINO', '16944110', 14),
(647, 'FONSECA', '16944279', 14),
(648, 'HATONUEVO', '16944378', 14),
(649, 'LA JAGUA DEL PILAR', '16944420', 14),
(650, 'MAICAO', '16944430', 14),
(651, 'MANAURE', '16944560', 14),
(652, 'SAN JUAN DEL CESAR', '16944650', 14),
(653, 'URIBIA', '16944847', 14),
(654, 'URUMITA', '16944855', 14),
(655, 'VILLANUEVA', '16944874', 14),
(656, 'SANTA MARTA', '16947001', 15),
(657, 'ALGARROBO', '16947030', 15),
(658, 'ARACATACA', '16947053', 15),
(659, 'ARIGUANI', '16947058', 15),
(660, 'CERRO SAN ANTONIO', '16947161', 15),
(661, 'CHIBOLO', '16947170', 15),
(662, 'CIENAGA', '16947189', 15),
(663, 'CONCORDIA', '16947205', 15),
(664, 'EL BANCO', '16947245', 15),
(665, 'EL PIŃON', '16947258', 15),
(666, 'EL RETEN', '16947268', 15),
(667, 'FUNDACION', '16947288', 15),
(668, 'GUAMAL', '16947318', 15),
(669, 'NUEVA GRANADA', '16947460', 15),
(670, 'PEDRAZA', '16947541', 15),
(671, 'PIJIŃO DEL CARMEN', '16947545', 15),
(672, 'PIVIJAY', '16947551', 15),
(673, 'PLATO', '16947555', 15),
(674, 'PUEBLOVIEJO', '16947570', 15),
(675, 'REMOLINO', '16947605', 15),
(676, 'SABANAS DE SAN ANGEL', '16947660', 15),
(677, 'SALAMINA', '16947675', 15),
(678, 'SAN SEBASTIAN DE BUENAVISTA', '16947692', 15),
(679, 'SAN ZENON', '16947703', 15),
(680, 'SANTA ANA', '16947707', 15),
(681, 'SANTA BARBARA DE PINTO', '16947720', 15),
(682, 'SITIONUEVO', '16947745', 15),
(683, 'TENERIFE', '16947798', 15),
(684, 'ZAPAYAN', '16947960', 15),
(685, 'ZONA BANANERA', '16947980', 15),
(686, 'VILLAVICENCIO', '16950001', 16),
(687, 'ACACIAS', '16950006', 16),
(688, 'BARRANCA DE UPIA', '16950110', 16),
(689, 'CABUYARO', '16950124', 16),
(690, 'CASTILLA LA NUEVA', '16950150', 16),
(691, 'CUBARRAL', '16950223', 16),
(692, 'CUMARAL', '16950226', 16),
(693, 'EL CALVARIO', '16950245', 16),
(694, 'EL CASTILLO', '16950251', 16),
(695, 'EL DORADO', '16950270', 16),
(696, 'FUENTE DE ORO', '16950287', 16),
(697, 'GRANADA', '16950313', 16),
(698, 'GUAMAL', '16950318', 16),
(699, 'MAPIRIPAN', '16950325', 16),
(700, 'MESETAS', '16950330', 16),
(701, 'LA MACARENA', '16950350', 16),
(702, 'URIBE', '16950370', 16),
(703, 'LEJANIAS', '16950400', 16),
(704, 'PUERTO CONCORDIA', '16950450', 16),
(705, 'PUERTO GAITAN', '16950568', 16),
(706, 'PUERTO LOPEZ', '16950573', 16),
(707, 'PUERTO LLERAS', '16950577', 16),
(708, 'PUERTO RICO', '16950590', 16),
(709, 'RESTREPO', '16950606', 16),
(710, 'SAN CARLOS DE GUAROA', '16950680', 16),
(711, 'SAN JUAN DE ARAMA', '16950683', 16),
(712, 'SAN JUANITO', '16950686', 16),
(713, 'SAN MARTIN', '16950689', 16),
(714, 'VISTAHERMOSA', '16950711', 16),
(715, 'PASTO', '16952001', 17),
(716, 'ALBAN', '16952019', 17),
(717, 'ALDANA', '16952022', 17),
(718, 'ANCUYA', '16952036', 17),
(719, 'ARBOLEDA', '16952051', 17),
(720, 'BARBACOAS', '16952079', 17),
(721, 'BELEN', '16952083', 17),
(722, 'BUESACO', '16952110', 17),
(723, 'COLON', '16952203', 17),
(724, 'CONSACA', '16952207', 17),
(725, 'CONTADERO', '16952210', 17),
(726, 'CORDOBA', '16952215', 17),
(727, 'CUASPUD', '16952224', 17),
(728, 'CUMBAL', '16952227', 17),
(729, 'CUMBITARA', '16952233', 17),
(730, 'CHACHAGsI', '16952240', 17),
(731, 'EL CHARCO', '16952250', 17),
(732, 'EL PEŃOL', '16952254', 17),
(733, 'EL ROSARIO', '16952256', 17),
(734, 'EL TABLON DE GOMEZ', '16952258', 17),
(735, 'EL TAMBO', '16952260', 17),
(736, 'FUNES', '16952287', 17),
(737, 'GUACHUCAL', '16952317', 17),
(738, 'GUAITARILLA', '16952320', 17),
(739, 'GUALMATAN', '16952323', 17),
(740, 'ILES', '16952352', 17),
(741, 'IMUES', '16952354', 17),
(742, 'IPIALES', '16952356', 17),
(743, 'LA CRUZ', '16952378', 17),
(744, 'LA FLORIDA', '16952381', 17),
(745, 'LA LLANADA', '16952385', 17),
(746, 'LA TOLA', '16952390', 17),
(747, 'LA UNION', '16952399', 17),
(748, 'LEIVA', '16952405', 17),
(749, 'LINARES', '16952411', 17),
(750, 'LOS ANDES', '16952418', 17),
(751, 'MAGsI', '16952427', 17),
(752, 'MALLAMA', '16952435', 17),
(753, 'MOSQUERA', '16952473', 17),
(754, 'NARIŃO', '16952480', 17),
(755, 'OLAYA HERRERA', '16952490', 17),
(756, 'OSPINA', '16952506', 17),
(757, 'FRANCISCO PIZARRO', '16952520', 17),
(758, 'POLICARPA', '16952540', 17),
(759, 'POTOSI', '16952560', 17),
(760, 'PROVIDENCIA', '16952565', 17),
(761, 'PUERRES', '16952573', 17),
(762, 'PUPIALES', '16952585', 17),
(763, 'RICAURTE', '16952612', 17),
(764, 'ROBERTO PAYAN', '16952621', 17),
(765, 'SAMANIEGO', '16952678', 17),
(766, 'SANDONA', '16952683', 17),
(767, 'SAN BERNARDO', '16952685', 17),
(768, 'SAN LORENZO', '16952687', 17),
(769, 'SAN PABLO', '16952693', 17),
(770, 'SAN PEDRO DE CARTAGO', '16952694', 17),
(771, 'SANTA BARBARA', '16952696', 17),
(772, 'SANTACRUZ', '16952699', 17),
(773, 'SAPUYES', '16952720', 17),
(774, 'TAMINANGO', '16952786', 17),
(775, 'TANGUA', '16952788', 17),
(776, 'SAN ANDRES DE TUMACO', '16952835', 17),
(777, 'TUQUERRES', '16952838', 17),
(778, 'YACUANQUER', '16952885', 17),
(779, 'CUCUTA', '16954001', 18),
(780, 'ABREGO', '16954003', 18),
(781, 'ARBOLEDAS', '16954051', 18),
(782, 'BOCHALEMA', '16954099', 18),
(783, 'BUCARASICA', '16954109', 18),
(784, 'CACOTA', '16954125', 18),
(785, 'CACHIRA', '16954128', 18),
(786, 'CHINACOTA', '16954172', 18),
(787, 'CHITAGA', '16954174', 18),
(788, 'CONVENCION', '16954206', 18),
(789, 'CUCUTILLA', '16954223', 18),
(790, 'DURANIA', '16954239', 18),
(791, 'EL CARMEN', '16954245', 18),
(792, 'EL TARRA', '16954250', 18),
(793, 'EL ZULIA', '16954261', 18),
(794, 'GRAMALOTE', '16954313', 18),
(795, 'HACARI', '16954344', 18),
(796, 'HERRAN', '16954347', 18),
(797, 'LABATECA', '16954377', 18),
(798, 'LA ESPERANZA', '16954385', 18),
(799, 'LA PLAYA', '16954398', 18),
(800, 'LOS PATIOS', '16954405', 18),
(801, 'LOURDES', '16954418', 18),
(802, 'MUTISCUA', '16954480', 18),
(803, 'OCAŃA', '16954498', 18),
(804, 'PAMPLONA', '16954518', 18),
(805, 'PAMPLONITA', '16954520', 18),
(806, 'PUERTO SANTANDER', '16954553', 18),
(807, 'RAGONVALIA', '16954599', 18),
(808, 'SALAZAR', '16954660', 18),
(809, 'SAN CALIXTO', '16954670', 18),
(810, 'SAN CAYETANO', '16954673', 18),
(811, 'SANTIAGO', '16954680', 18),
(812, 'SARDINATA', '16954720', 18),
(813, 'SILOS', '16954743', 18),
(814, 'TEORAMA', '16954800', 18),
(815, 'TIBU', '16954810', 18),
(816, 'TOLEDO', '16954820', 18),
(817, 'VILLA CARO', '16954871', 18),
(818, 'VILLA DEL ROSARIO', '16954874', 18),
(819, 'ARMENIA', '16963001', 19),
(820, 'BUENAVISTA', '16963111', 19),
(821, 'CALARCA', '16963130', 19),
(822, 'CIRCASIA', '16963190', 19),
(823, 'CORDOBA', '16963212', 19),
(824, 'FILANDIA', '16963272', 19),
(825, 'GENOVA', '16963302', 19),
(826, 'LA TEBAIDA', '16963401', 19),
(827, 'MONTENEGRO', '16963470', 19),
(828, 'PIJAO', '16963548', 19),
(829, 'QUIMBAYA', '16963594', 19),
(830, 'SALENTO', '16963690', 19),
(831, 'PEREIRA', '16966001', 20),
(832, 'APIA', '16966045', 20),
(833, 'BALBOA', '16966075', 20),
(834, 'BELEN DE UMBRIA', '16966088', 20),
(835, 'DOSQUEBRADAS', '16966170', 20),
(836, 'GUATICA', '16966318', 20),
(837, 'LA CELIA', '16966383', 20),
(838, 'LA VIRGINIA', '16966400', 20),
(839, 'MARSELLA', '16966440', 20),
(840, 'MISTRATO', '16966456', 20),
(841, 'PUEBLO RICO', '16966572', 20),
(842, 'QUINCHIA', '16966594', 20),
(843, 'SANTA ROSA DE CABAL', '16966682', 20),
(844, 'SANTUARIO', '16966687', 20),
(845, 'BUCARAMANGA', '16968001', 21),
(846, 'AGUADA', '16968013', 21),
(847, 'ALBANIA', '16968020', 21),
(848, 'ARATOCA', '16968051', 21),
(849, 'BARBOSA', '16968077', 21),
(850, 'BARICHARA', '16968079', 21),
(851, 'BARRANCABERMEJA', '16968081', 21),
(852, 'BETULIA', '16968092', 21),
(853, 'BOLIVAR', '16968101', 21),
(854, 'CABRERA', '16968121', 21),
(855, 'CALIFORNIA', '16968132', 21),
(856, 'CAPITANEJO', '16968147', 21),
(857, 'CARCASI', '16968152', 21),
(858, 'CEPITA', '16968160', 21),
(859, 'CERRITO', '16968162', 21),
(860, 'CHARALA', '16968167', 21),
(861, 'CHARTA', '16968169', 21),
(862, 'CHIMA', '16968176', 21),
(863, 'CHIPATA', '16968179', 21),
(864, 'CIMITARRA', '16968190', 21),
(865, 'CONCEPCION', '16968207', 21),
(866, 'CONFINES', '16968209', 21),
(867, 'CONTRATACION', '16968211', 21),
(868, 'COROMORO', '16968217', 21),
(869, 'CURITI', '16968229', 21),
(870, 'EL CARMEN DE CHUCURI', '16968235', 21),
(871, 'EL GUACAMAYO', '16968245', 21),
(872, 'EL PEŃON', '16968250', 21),
(873, 'EL PLAYON', '16968255', 21),
(874, 'ENCINO', '16968264', 21),
(875, 'ENCISO', '16968266', 21),
(876, 'FLORIAN', '16968271', 21),
(877, 'FLORIDABLANCA', '16968276', 21),
(878, 'GALAN', '16968296', 21),
(879, 'GAMBITA', '16968298', 21),
(880, 'GIRON', '16968307', 21),
(881, 'GUACA', '16968318', 21),
(882, 'GUADALUPE', '16968320', 21),
(883, 'GUAPOTA', '16968322', 21),
(884, 'GUAVATA', '16968324', 21),
(885, 'GsEPSA', '16968327', 21),
(886, 'HATO', '16968344', 21),
(887, 'JESUS MARIA', '16968368', 21),
(888, 'JORDAN', '16968370', 21),
(889, 'LA BELLEZA', '16968377', 21),
(890, 'LANDAZURI', '16968385', 21),
(891, 'LA PAZ', '16968397', 21),
(892, 'LEBRIJA', '16968406', 21),
(893, 'LOS SANTOS', '16968418', 21),
(894, 'MACARAVITA', '16968425', 21),
(895, 'MALAGA', '16968432', 21),
(896, 'MATANZA', '16968444', 21),
(897, 'MOGOTES', '16968464', 21),
(898, 'MOLAGAVITA', '16968468', 21),
(899, 'OCAMONTE', '16968498', 21),
(900, 'OIBA', '16968500', 21),
(901, 'ONZAGA', '16968502', 21),
(902, 'PALMAR', '16968522', 21),
(903, 'PALMAS DEL SOCORRO', '16968524', 21),
(904, 'PARAMO', '16968533', 21),
(905, 'PIEDECUESTA', '16968547', 21),
(906, 'PINCHOTE', '16968549', 21),
(907, 'PUENTE NACIONAL', '16968572', 21),
(908, 'PUERTO PARRA', '16968573', 21),
(909, 'PUERTO WILCHES', '16968575', 21),
(910, 'RIONEGRO', '16968615', 21),
(911, 'SABANA DE TORRES', '16968655', 21),
(912, 'SAN ANDRES', '16968669', 21),
(913, 'SAN BENITO', '16968673', 21),
(914, 'SAN GIL', '16968679', 21),
(915, 'SAN JOAQUIN', '16968682', 21),
(916, 'SAN JOSE DE MIRANDA', '16968684', 21),
(917, 'SAN MIGUEL', '16968686', 21),
(918, 'SAN VICENTE DE CHUCURI', '16968689', 21),
(919, 'SANTA BARBARA', '16968705', 21),
(920, 'SANTA HELENA DEL OPON', '16968720', 21),
(921, 'SIMACOTA', '16968745', 21),
(922, 'SOCORRO', '16968755', 21),
(923, 'SUAITA', '16968770', 21),
(924, 'SUCRE', '16968773', 21),
(925, 'SURATA', '16968780', 21),
(926, 'TONA', '16968820', 21),
(927, 'VALLE DE SAN JOSE', '16968855', 21),
(928, 'VELEZ', '16968861', 21),
(929, 'VETAS', '16968867', 21),
(930, 'VILLANUEVA', '16968872', 21),
(931, 'ZAPATOCA', '16968895', 21),
(932, 'SINCELEJO', '16970001', 22),
(933, 'BUENAVISTA', '16970110', 22),
(934, 'CAIMITO', '16970124', 22),
(935, 'COLOSO', '16970204', 22),
(936, 'COROZAL', '16970215', 22),
(937, 'COVEŃAS', '16970221', 22),
(938, 'CHALAN', '16970230', 22),
(939, 'EL ROBLE', '16970233', 22),
(940, 'GALERAS', '16970235', 22),
(941, 'GUARANDA', '16970265', 22),
(942, 'LA UNION', '16970400', 22),
(943, 'LOS PALMITOS', '16970418', 22),
(944, 'MAJAGUAL', '16970429', 22),
(945, 'MORROA', '16970473', 22),
(946, 'OVEJAS', '16970508', 22),
(947, 'PALMITO', '16970523', 22),
(948, 'SAMPUES', '16970670', 22),
(949, 'SAN BENITO ABAD', '16970678', 22),
(950, 'SAN JUAN DE BETULIA', '16970702', 22),
(951, 'SAN MARCOS', '16970708', 22),
(952, 'SAN ONOFRE', '16970713', 22),
(953, 'SAN PEDRO', '16970717', 22),
(954, 'SAN LUIS DE SINCE', '16970742', 22),
(955, 'SUCRE', '16970771', 22),
(956, 'SANTIAGO DE TOLU', '16970820', 22),
(957, 'TOLU VIEJO', '16970823', 22),
(958, 'IBAGUE', '16973001', 23),
(959, 'ALPUJARRA', '16973024', 23),
(960, 'ALVARADO', '16973026', 23),
(961, 'AMBALEMA', '16973030', 23),
(962, 'ANZOATEGUI', '16973043', 23),
(963, 'ARMERO', '16973055', 23),
(964, 'ATACO', '16973067', 23),
(965, 'CAJAMARCA', '16973124', 23),
(966, 'CARMEN DE APICALA', '16973148', 23),
(967, 'CASABIANCA', '16973152', 23),
(968, 'CHAPARRAL', '16973168', 23),
(969, 'COELLO', '16973200', 23),
(970, 'COYAIMA', '16973217', 23),
(971, 'CUNDAY', '16973226', 23),
(972, 'DOLORES', '16973236', 23),
(973, 'ESPINAL', '16973268', 23),
(974, 'FALAN', '16973270', 23),
(975, 'FLANDES', '16973275', 23),
(976, 'FRESNO', '16973283', 23),
(977, 'GUAMO', '16973319', 23),
(978, 'HERVEO', '16973347', 23),
(979, 'HONDA', '16973349', 23),
(980, 'ICONONZO', '16973352', 23),
(981, 'LERIDA', '16973408', 23),
(982, 'LIBANO', '16973411', 23),
(983, 'MARIQUITA', '16973443', 23),
(984, 'MELGAR', '16973449', 23),
(985, 'MURILLO', '16973461', 23),
(986, 'NATAGAIMA', '16973483', 23),
(987, 'ORTEGA', '16973504', 23),
(988, 'PALOCABILDO', '16973520', 23),
(989, 'PIEDRAS', '16973547', 23),
(990, 'PLANADAS', '16973555', 23),
(991, 'PRADO', '16973563', 23),
(992, 'PURIFICACION', '16973585', 23),
(993, 'RIOBLANCO', '16973616', 23),
(994, 'RONCESVALLES', '16973622', 23),
(995, 'ROVIRA', '16973624', 23),
(996, 'SALDAŃA', '16973671', 23),
(997, 'SAN ANTONIO', '16973675', 23),
(998, 'SAN LUIS', '16973678', 23),
(999, 'SANTA ISABEL', '16973686', 23),
(1000, 'SUAREZ', '16973770', 23),
(1001, 'VALLE DE SAN JUAN', '16973854', 23),
(1002, 'VENADILLO', '16973861', 23),
(1003, 'VILLAHERMOSA', '16973870', 23),
(1004, 'VILLARRICA', '16973873', 23),
(1005, 'CALI', '16976001', 24),
(1006, 'ALCALA', '16976020', 24),
(1007, 'ANDALUCIA', '16976036', 24),
(1008, 'ANSERMANUEVO', '16976041', 24),
(1009, 'ARGELIA', '16976054', 24),
(1010, 'BOLIVAR', '16976100', 24),
(1011, 'BUENAVENTURA', '16976109', 24),
(1012, 'GUADALAJARA DE BUGA', '16976111', 24),
(1013, 'BUGALAGRANDE', '16976113', 24),
(1014, 'CAICEDONIA', '16976122', 24),
(1015, 'CALIMA', '16976126', 24),
(1016, 'CANDELARIA', '16976130', 24),
(1017, 'CARTAGO', '16976147', 24),
(1018, 'DAGUA', '16976233', 24),
(1019, 'EL AGUILA', '16976243', 24),
(1020, 'EL CAIRO', '16976246', 24),
(1021, 'EL CERRITO', '16976248', 24),
(1022, 'EL DOVIO', '16976250', 24),
(1023, 'FLORIDA', '16976275', 24),
(1024, 'GINEBRA', '16976306', 24),
(1025, 'GUACARI', '16976318', 24),
(1026, 'JAMUNDI', '16976364', 24),
(1027, 'LA CUMBRE', '16976377', 24),
(1028, 'LA UNION', '16976400', 24),
(1029, 'LA VICTORIA', '16976403', 24),
(1030, 'OBANDO', '16976497', 24),
(1031, 'PALMIRA', '16976520', 24),
(1032, 'PRADERA', '16976563', 24),
(1033, 'RESTREPO', '16976606', 24),
(1034, 'RIOFRIO', '16976616', 24),
(1035, 'ROLDANILLO', '16976622', 24),
(1036, 'SAN PEDRO', '16976670', 24),
(1037, 'SEVILLA', '16976736', 24),
(1038, 'TORO', '16976823', 24),
(1039, 'TRUJILLO', '16976828', 24),
(1040, 'TULUA', '16976834', 24),
(1041, 'ULLOA', '16976845', 24),
(1042, 'VERSALLES', '16976863', 24),
(1043, 'VIJES', '16976869', 24),
(1044, 'YOTOCO', '16976890', 24),
(1045, 'YUMBO', '16976892', 24),
(1046, 'ZARZAL', '16976895', 24),
(1047, 'ARAUCA', '16981001', 25),
(1048, 'ARAUQUITA', '16981065', 25),
(1049, 'CRAVO NORTE', '16981220', 25),
(1050, 'FORTUL', '16981300', 25),
(1051, 'PUERTO RONDON', '16981591', 25),
(1052, 'SARAVENA', '16981736', 25),
(1053, 'TAME', '16981794', 25),
(1054, 'YOPAL', '16985001', 26),
(1055, 'AGUAZUL', '16985010', 26),
(1056, 'CHAMEZA', '16985015', 26),
(1057, 'HATO COROZAL', '16985125', 26),
(1058, 'LA SALINA', '16985136', 26),
(1059, 'MANI', '16985139', 26),
(1060, 'MONTERREY', '16985162', 26),
(1061, 'NUNCHIA', '16985225', 26),
(1062, 'OROCUE', '16985230', 26),
(1063, 'PAZ DE ARIPORO', '16985250', 26),
(1064, 'PORE', '16985263', 26),
(1065, 'RECETOR', '16985279', 26),
(1066, 'SABANALARGA', '16985300', 26),
(1067, 'SACAMA', '16985315', 26),
(1068, 'SAN LUIS DE PALENQUE', '16985325', 26),
(1069, 'TAMARA', '16985400', 26),
(1070, 'TAURAMENA', '16985410', 26),
(1071, 'TRINIDAD', '16985430', 26),
(1072, 'VILLANUEVA', '16985440', 26),
(1073, 'MOCOA', '16986001', 27),
(1074, 'COLON', '16986219', 27),
(1075, 'ORITO', '16986320', 27),
(1076, 'PUERTO ASIS', '16986568', 27),
(1077, 'PUERTO CAICEDO', '16986569', 27),
(1078, 'PUERTO GUZMAN', '16986571', 27),
(1079, 'LEGUIZAMO', '16986573', 27),
(1080, 'SIBUNDOY', '16986749', 27),
(1081, 'SAN FRANCISCO', '16986755', 27),
(1082, 'SAN MIGUEL', '16986757', 27),
(1083, 'SANTIAGO', '16986760', 27),
(1084, 'VALLE DEL GUAMUEZ', '16986865', 27),
(1085, 'VILLAGARZON', '16986885', 27),
(1086, 'SAN ANDRES', '16988001', 28),
(1087, 'PROVIDENCIA', '16988564', 28),
(1088, 'LETICIA', '16991001', 29),
(1089, 'EL ENCANTO', '16991263', 29),
(1090, 'LA CHORRERA', '16991405', 29),
(1091, 'LA PEDRERA', '16991407', 29),
(1092, 'LA VICTORIA', '16991430', 29),
(1093, 'MIRITI - PARANA', '16991460', 29),
(1094, 'PUERTO ALEGRIA', '16991530', 29),
(1095, 'PUERTO ARICA', '16991536', 29),
(1096, 'PUERTO NARIŃO', '16991540', 29),
(1097, 'PUERTO SANTANDER', '16991669', 29),
(1098, 'TARAPACA', '16991798', 29),
(1099, 'INIRIDA', '16994001', 30),
(1100, 'BARRANCO MINAS', '16994343', 30),
(1101, 'MAPIRIPANA', '16994663', 30),
(1102, 'SAN FELIPE', '16994883', 30),
(1103, 'PUERTO COLOMBIA', '16994884', 30),
(1104, 'LA GUADALUPE', '16994885', 30),
(1105, 'CACAHUAL', '16994886', 30),
(1106, 'PANA PANA', '16994887', 30),
(1107, 'MORICHAL', '16994888', 30),
(1108, 'SAN JOSE DEL GUAVIARE', '16995001', 31),
(1109, 'CALAMAR', '16995015', 31),
(1110, 'EL RETORNO', '16995025', 31),
(1111, 'MIRAFLORES', '16995200', 31),
(1112, 'MITU', '16997001', 32),
(1113, 'CARURU', '16997161', 32),
(1114, 'PACOA', '16997511', 32),
(1115, 'TARAIRA', '16997666', 32),
(1116, 'PAPUNAUA', '16997777', 32),
(1117, 'YAVARATE', '16997889', 32),
(1118, 'PUERTO CARREŃO', '16999001', 33),
(1119, 'LA PRIMAVERA', '16999524', 33),
(1120, 'SANTA ROSALIA', '16999624', 33),
(1121, 'CUMARIBO', '16999773', 33);

-- --------------------------------------------------------

--
-- Estructura de tabla para la tabla `clientes`
--

CREATE TABLE `clientes` (
  `id` int(11) NOT NULL,
  `nombre` varchar(150) DEFAULT NULL,
  `apellido` varchar(150) DEFAULT NULL,
  `celular` varchar(10) DEFAULT NULL,
  `numero_documento` varchar(30) DEFAULT NULL,
  `correo_electronico` varchar(150) DEFAULT NULL,
  `direccion` varchar(255) DEFAULT NULL,
  `ciudad_residencia` varchar(150) DEFAULT NULL,
  `responsable_iva` enum('S','N') DEFAULT NULL,
  `rut` varchar(20) DEFAULT NULL,
  `fecha_registro` datetime DEFAULT NULL,
  `tipos_documentos_id` int(11) NOT NULL
) ENGINE=InnoDB DEFAULT CHARSET=utf8mb4;

-- --------------------------------------------------------

--
-- Estructura de tabla para la tabla `comentarios`
--

CREATE TABLE `comentarios` (
  `id` int(11) NOT NULL,
  `comentario` varchar(45) DEFAULT NULL,
  `fecha_registro` datetime DEFAULT NULL,
  `tipo_comentario` enum('Tarea','Seguimiento') DEFAULT NULL
) ENGINE=InnoDB DEFAULT CHARSET=utf8mb4;

-- --------------------------------------------------------

--
-- Estructura de tabla para la tabla `cotizaciones`
--

CREATE TABLE `cotizaciones` (
  `id` int(11) NOT NULL,
  `numero_cotizacion` varchar(45) DEFAULT NULL,
  `fecha_cotizacion` varchar(45) DEFAULT NULL
) ENGINE=InnoDB DEFAULT CHARSET=utf8mb4;

-- --------------------------------------------------------

--
-- Estructura de tabla para la tabla `departamentos`
--

CREATE TABLE `departamentos` (
  `id` int(11) NOT NULL,
  `codigo_dane` varchar(45) DEFAULT NULL,
  `nombre_departamento` varchar(45) DEFAULT NULL,
  `paises_id` int(11) NOT NULL
) ENGINE=InnoDB DEFAULT CHARSET=utf8mb4;

--
-- Volcado de datos para la tabla `departamentos`
--

INSERT INTO `departamentos` (`id`, `codigo_dane`, `nombre_departamento`, `paises_id`) VALUES
(1, '16905', 'ANTIOQUIA', 1),
(2, '16908', 'ATLANTICO', 1),
(3, '16911', 'BOGOTA', 1),
(4, '16913', 'BOLIVAR', 1),
(5, '16915', 'BOYACA', 1),
(6, '16917', 'CALDAS', 1),
(7, '16918', 'CAQUETA', 1),
(8, '16919', 'CAUCA', 1),
(9, '16920', 'CESAR', 1),
(10, '16923', 'CORDOBA', 1),
(11, '16925', 'CUNDINAMARCA', 1),
(12, '16927', 'CHOCO', 1),
(13, '16941', 'HUILA', 1),
(14, '16944', 'LA GUAJIRA', 1),
(15, '16947', 'MAGDALENA', 1),
(16, '16950', 'META', 1),
(17, '16952', 'NARIŃO', 1),
(18, '16954', 'N. DE SANTANDER', 1),
(19, '16963', 'QUINDIO', 1),
(20, '16966', 'RISARALDA', 1),
(21, '16968', 'SANTANDER', 1),
(22, '16970', 'SUCRE', 1),
(23, '16973', 'TOLIMA', 1),
(24, '16976', 'VALLE DEL CAUCA', 1),
(25, '16981', 'ARAUCA', 1),
(26, '16985', 'CASANARE', 1),
(27, '16986', 'PUTUMAYO', 1),
(28, '16988', 'SAN ANDRES', 1),
(29, '16991', 'AMAZONAS', 1),
(30, '16994', 'GUAINIA', 1),
(31, '16995', 'GUAVIARE', 1),
(32, '16997', 'VAUPES', 1),
(33, '16999', 'VICHADA', 1);

-- --------------------------------------------------------

--
-- Estructura de tabla para la tabla `expiraciones`
--

CREATE TABLE `expiraciones` (
  `id` int(11) NOT NULL,
  `token` varchar(300) NOT NULL,
  `fecha_creacion` datetime NOT NULL DEFAULT current_timestamp(),
  `estado` tinyint(1) NOT NULL DEFAULT 1
) ENGINE=InnoDB DEFAULT CHARSET=utf8mb4;

--
-- Volcado de datos para la tabla `expiraciones`
--

INSERT INTO `expiraciones` (`id`, `token`, `fecha_creacion`, `estado`) VALUES
(1, '5ea6cea770887a55d63f-d8147adc0c088701a0d6-06d2dd923bd3956a105c-501c470b34d3cd943764', '2021-01-06 15:32:59', 1),
(2, '905500e90a89291e9328-c1b4511f48d786e74a2c-bb66cffb27cc206cc56c-6a9a93f11704135be580', '2021-01-06 15:33:40', 1),
(3, '14ad8f0b7506fd41689c-ce4f8d60528063066cf9-595026d50b3ce246d217-77748269aade20fdcf32', '2021-01-06 15:57:21', 0),
(4, 'ce6454d8768849e2944f-62c38b3ef6786b0b948c-de26bce9898448e9f6b3-a7dd2099d202c8019177', '2021-01-12 09:59:23', 1),
(5, '6c0993ee1edaf6b787e7-b51f39834e4e7e204d1b-9946ee765be6ed43784c-f255e61408212e88a3d1', '2021-01-12 09:59:35', 0),
(6, '26b0f00ffa2e3f1d7031-c85c7fb5322f9fc6ba51-ef0c9ad10bd0009cb331-b833b4f350bf458e2927', '2021-01-12 16:47:15', 1),
(7, 'afde5e9668e55c115d52-9d200f59dc7be5243084-15aba061497f33a96dd4-ddef14c12d3f950c3825', '2021-01-14 08:13:43', 1),
(8, '3e0093deb65c305a4893-dd41497cb8877fd09ab4-1b5a0a1f2489714cd030-9ac7512668ab3da72979', '2021-01-14 08:14:17', 1),
(9, '005752af152d63f474c8-7224653bdb83a4fcf826-7fbfe31ebb4b664be2ae-2ae59258cc7a2ed65081', '2021-01-14 12:26:59', 0);

-- --------------------------------------------------------

--
-- Estructura de tabla para la tabla `gd_clientes`
--

CREATE TABLE `gd_clientes` (
  `id` int(11) NOT NULL,
  `documento_identificacion` varchar(255) DEFAULT NULL,
  `tarjeta_propiedad` varchar(255) DEFAULT NULL,
  `sarlaft` varchar(255) DEFAULT NULL,
  `declarancion_renta` varchar(255) DEFAULT NULL,
  `camara_comercio` varchar(255) DEFAULT NULL,
  `rut` varchar(255) DEFAULT NULL,
  `compra_venta` varchar(255) DEFAULT NULL,
  `estados_financieros` varchar(255) DEFAULT NULL,
  `clientes_id` int(11) NOT NULL
) ENGINE=InnoDB DEFAULT CHARSET=utf8mb4;

-- --------------------------------------------------------

--
-- Estructura de tabla para la tabla `gd_polizas`
--

CREATE TABLE `gd_polizas` (
  `id` int(11) NOT NULL,
  `caratula_poliza` varchar(255) DEFAULT NULL,
  `clausula_endoso` varchar(255) DEFAULT NULL,
  `soporte_pago` varchar(255) DEFAULT NULL,
  `anexos` varchar(255) DEFAULT NULL,
  `clientes_id` int(11) NOT NULL
) ENGINE=InnoDB DEFAULT CHARSET=utf8mb4;

-- --------------------------------------------------------

--
-- Estructura de tabla para la tabla `gd_siniestros`
--

CREATE TABLE `gd_siniestros` (
  `id` int(11) NOT NULL,
  `foto` varchar(255) DEFAULT NULL,
  `reporte_perito` varchar(255) DEFAULT NULL,
  `croquis` varchar(255) DEFAULT NULL,
  `cotizacion` varchar(255) DEFAULT NULL,
  `otro` varchar(255) DEFAULT NULL,
  `clientes_id` int(11) NOT NULL
) ENGINE=InnoDB DEFAULT CHARSET=utf8mb4;

-- --------------------------------------------------------

--
-- Estructura de tabla para la tabla `modulos`
--

CREATE TABLE `modulos` (
  `id` int(11) NOT NULL,
  `titulo` varchar(45) DEFAULT NULL,
  `descripcion` varchar(45) DEFAULT NULL,
  `fecha_creacion` datetime DEFAULT current_timestamp(),
  `fecha_actualizacion` datetime DEFAULT current_timestamp(),
  `estado` enum('ACTIVO','INACTIVO') NOT NULL DEFAULT 'ACTIVO'
) ENGINE=InnoDB DEFAULT CHARSET=utf8mb4;

--
-- Volcado de datos para la tabla `modulos`
--

INSERT INTO `modulos` (`id`, `titulo`, `descripcion`, `fecha_creacion`, `fecha_actualizacion`, `estado`) VALUES
(1, 'Roles', 'Roles del sistema', '2020-11-06 10:34:22', '2020-11-06 10:34:22', 'ACTIVO'),
(2, 'Usuarios', 'Usuarios del sistema', '2020-11-06 10:38:25', '2020-11-06 10:38:25', 'ACTIVO'),
(3, 'Consulta Poliza', 'Modulo para consultar las pólizas emitidas', '2020-11-10 08:34:22', '2020-11-10 08:34:22', 'ACTIVO'),
(4, 'Soat', 'Modulo para cotizar SOAT de los clientes', '2020-11-10 08:35:02', '2020-11-10 08:35:02', 'ACTIVO'),
(5, 'Tus negocios', 'Modulo que permite revisa los negocios de los', '2020-11-10 11:50:39', '2020-11-10 11:50:39', 'ACTIVO'),
(6, 'Tus clientes y prospectos', 'Modulo que permite ver los clientes del refer', '2020-11-10 11:50:39', '2020-11-10 11:50:39', 'ACTIVO'),
(8, 'Mis comisiones', 'Modulo que permite ver el resultado de las co', '2020-11-10 11:51:23', '2020-11-10 11:51:23', 'ACTIVO'),
(9, 'Siniestros', 'Modulo que permite ver los siniestros de los ', '2020-11-10 11:52:29', '2020-11-10 11:52:29', 'ACTIVO'),
(10, 'Vehiculos', 'Modulo que permite consultas los vehiculos', '2020-11-10 11:52:29', '2020-11-10 11:52:29', 'ACTIVO'),
(11, 'Todo riesgo', 'Permite la cotización de las pólizas relacion', '2020-11-10 11:54:02', '2020-11-10 11:54:02', 'ACTIVO'),
(12, 'Educate en seguros', 'Permite ver videos con relacion a los seguros', '2020-11-10 11:55:00', '2020-11-10 11:55:00', 'ACTIVO'),
(13, 'Documentos', 'Permite registrar los documentos de los clien', '2020-11-10 11:56:02', '2020-11-10 11:56:02', 'ACTIVO'),
(14, 'Mis tareas', 'Permite registrar, tareas para hacer un recor', '2020-11-10 11:56:02', '2020-11-10 11:56:02', 'ACTIVO');

-- --------------------------------------------------------

--
-- Estructura de tabla para la tabla `paises`
--

CREATE TABLE `paises` (
  `id` int(11) NOT NULL,
  `codigo_dane` varchar(45) DEFAULT NULL,
  `nombre_pais` varchar(45) DEFAULT NULL
) ENGINE=InnoDB DEFAULT CHARSET=utf8mb4;

--
-- Volcado de datos para la tabla `paises`
--

INSERT INTO `paises` (`id`, `codigo_dane`, `nombre_pais`) VALUES
(1, '169', 'Colombia');

-- --------------------------------------------------------

--
-- Estructura de tabla para la tabla `permisos`
--

CREATE TABLE `permisos` (
  `id` int(11) NOT NULL,
  `roles_id` int(11) NOT NULL,
  `modulos_id` int(11) NOT NULL,
  `r` tinyint(4) NOT NULL,
  `w` tinyint(4) NOT NULL,
  `u` tinyint(4) NOT NULL,
  `d` tinyint(4) NOT NULL
) ENGINE=InnoDB DEFAULT CHARSET=utf8mb4;

--
-- Volcado de datos para la tabla `permisos`
--

INSERT INTO `permisos` (`id`, `roles_id`, `modulos_id`, `r`, `w`, `u`, `d`) VALUES
(138, 11, 1, 1, 0, 1, 1),
(139, 11, 2, 0, 1, 0, 1),
(140, 11, 3, 0, 0, 0, 0),
(141, 11, 4, 0, 0, 0, 0),
(142, 11, 5, 0, 0, 0, 0),
(143, 11, 6, 0, 0, 0, 0),
(144, 11, 8, 0, 1, 1, 0),
(145, 11, 9, 0, 0, 0, 0),
(146, 11, 10, 0, 1, 0, 0),
(147, 11, 11, 0, 0, 0, 1),
(148, 11, 12, 1, 0, 0, 0),
(149, 11, 13, 0, 0, 0, 0),
(150, 11, 14, 0, 1, 0, 0);

-- --------------------------------------------------------

--
-- Estructura de tabla para la tabla `polizas`
--

CREATE TABLE `polizas` (
  `id` int(11) NOT NULL,
  `poliza` varchar(45) DEFAULT NULL,
  `tipo_poliza` varchar(45) DEFAULT NULL
) ENGINE=InnoDB DEFAULT CHARSET=utf8mb4;

-- --------------------------------------------------------

--
-- Estructura de tabla para la tabla `privilegios`
--

CREATE TABLE `privilegios` (
  `id` int(11) NOT NULL
) ENGINE=InnoDB DEFAULT CHARSET=utf8mb4;

-- --------------------------------------------------------

--
-- Estructura de tabla para la tabla `roles`
--

CREATE TABLE `roles` (
  `id` int(11) NOT NULL,
  `rol` varchar(150) NOT NULL,
  `observacion` varchar(255) NOT NULL,
  `fecha_creacion` datetime DEFAULT current_timestamp(),
  `fecha_actualizacion` datetime DEFAULT current_timestamp(),
  `estado` enum('ACTIVO','INACTIVO') NOT NULL DEFAULT 'ACTIVO'
) ENGINE=InnoDB DEFAULT CHARSET=utf8mb4;

--
-- Volcado de datos para la tabla `roles`
--

INSERT INTO `roles` (`id`, `rol`, `observacion`, `fecha_creacion`, `fecha_actualizacion`, `estado`) VALUES
(11, 'Administrador', 'Hace de todo', '2020-11-05 15:38:10', '2020-11-05 15:38:10', 'ACTIVO');

-- --------------------------------------------------------

--
-- Estructura de tabla para la tabla `seguimientos`
--

CREATE TABLE `seguimientos` (
  `id` int(11) NOT NULL,
  `fecha` varchar(45) DEFAULT NULL,
  `hora` varchar(45) DEFAULT NULL,
  `asunto` varchar(45) DEFAULT NULL,
  `comentarios_id` int(11) NOT NULL,
  `clientes_id` int(11) NOT NULL
) ENGINE=InnoDB DEFAULT CHARSET=utf8mb4;

-- --------------------------------------------------------

--
-- Estructura de tabla para la tabla `tareas`
--

CREATE TABLE `tareas` (
  `id` int(11) NOT NULL,
  `prioridad` varchar(45) DEFAULT NULL,
  `estado` enum('Pendiente','Realizada') DEFAULT NULL,
  `asunto` varchar(255) DEFAULT NULL,
  `fecha_proxima_tarea` date DEFAULT NULL,
  `fecha_creacion` datetime DEFAULT NULL,
  `comentarios_id` int(11) NOT NULL
) ENGINE=InnoDB DEFAULT CHARSET=utf8mb4;

-- --------------------------------------------------------

--
-- Estructura de tabla para la tabla `tipos_documentos`
--

CREATE TABLE `tipos_documentos` (
  `id` int(11) NOT NULL,
  `abreviacion` varchar(3) NOT NULL,
  `descripcion` varchar(150) DEFAULT NULL,
  `estado` varchar(45) DEFAULT NULL,
  `fecha_creacion` datetime DEFAULT NULL,
  `fecha_actualizacion` datetime DEFAULT NULL
) ENGINE=InnoDB DEFAULT CHARSET=utf8mb4;

--
-- Volcado de datos para la tabla `tipos_documentos`
--

INSERT INTO `tipos_documentos` (`id`, `abreviacion`, `descripcion`, `estado`, `fecha_creacion`, `fecha_actualizacion`) VALUES
(1, 'CC', 'Cedula de ciudadania', 'ACTIVO', '2020-11-05 15:33:54', '2020-11-05 15:33:54'),
(2, 'TI', 'Tarjeta de identidad', 'ACTIVO', '2020-11-05 15:33:54', '2020-11-05 15:33:54');

-- --------------------------------------------------------

--
-- Estructura de tabla para la tabla `usuarios`
--

CREATE TABLE `usuarios` (
  `id` int(11) NOT NULL,
  `nombre` varchar(255) NOT NULL,
  `apellido` varchar(255) NOT NULL,
  `identificacion` varchar(30) NOT NULL,
  `fecha_nacimiento` date NOT NULL,
  `genero` enum('M','F') NOT NULL,
  `direccion` varchar(255) NOT NULL,
  `telefono` varchar(10) NOT NULL,
  `celular` varchar(10) NOT NULL,
  `correo_electronico` varchar(255) NOT NULL,
  `estado` enum('ACTIVO','INACTIVO') NOT NULL DEFAULT 'ACTIVO',
  `contrasena` varchar(255) NOT NULL,
  `fecha_registro` datetime NOT NULL DEFAULT current_timestamp(),
  `ciudades_id` int(11) NOT NULL,
  `tipos_documentos_id` int(11) NOT NULL,
  `roles_id` int(11) NOT NULL,
  `account_id` varchar(255) DEFAULT NULL
) ENGINE=InnoDB DEFAULT CHARSET=utf8mb4;

--
-- Volcado de datos para la tabla `usuarios`
--

INSERT INTO `usuarios` (`id`, `nombre`, `apellido`, `identificacion`, `fecha_nacimiento`, `genero`, `direccion`, `telefono`, `celular`, `correo_electronico`, `estado`, `contrasena`, `fecha_registro`, `ciudades_id`, `tipos_documentos_id`, `roles_id`, `account_id`) VALUES
(47, 'Angie Vanesa', 'Agudelo Arteaga', '1107519635', '1999-11-28', 'M', 'Cra 1 A Norte #10cn60', '6692253', '3166429821', 'jjmyp2gf017@gmail.com', 'ACTIVO', '12345', '2020-11-05 15:35:27', 2, 1, 11, ''),
(59, 'Angie Vanesa', 'Agudelo Arteaga', '1143880330', '1999-11-27', 'M', 'Cra 1 A Norte #10cn60', '6692253', '3166429821', 'jjmyp209S@gmail.com', 'ACTIVO', '$2y$10$SpAwcMSVjxbBqaMFYo.W/.hCdoFGz/xtvcEmCA4GxU7PDHvCYmptS', '2020-11-11 10:14:43', 2, 1, 11, NULL),
(61, 'Jairo', 'Rivera', '1143880322', '1999-11-27', 'M', 'Cra 1 A Norte #10cn60', '6692253', '3166429821', 'jjmyp2018@gmail.com', 'ACTIVO', '$2y$10$wyZz1DbSxBIMm/pDUU5kYOPgyR6AiAcfELtJy27DKj82I3rs7ibmS', '2020-11-13 14:11:36', 2, 1, 11, NULL),
(64, 'Prueba', 'Prueba', '1143880326', '1999-11-27', 'M', 'Cra 1 Anorte', '6692253', '3166429821', 'jjmyp20174@gmail.com', 'ACTIVO', '$2y$10$vPtlohYNjCVf8KpxSYNqs.0k4zSiNkNcMa6CdxfrrwvwnlVz73ig2', '2020-12-29 22:51:20', 1005, 1, 11, NULL),
(69, 'Prueba', 'Prueba', '1143880326', '1999-11-27', 'M', 'Cra 1 Anorte', '6692253', '3166429827', 'jjmyp2023@gmail.com', 'ACTIVO', '$2y$10$SEBllPnfjv4oFrAcgcx5U./qXlGpLZmpjfWtr/p63HXcf1XCALq16', '2021-01-05 12:57:36', 4, 2, 11, 'ACCebe152cc062c69aa220f914fa41e3863'),
(70, 'Jairo', 'Prueba', '1143880362', '1999-11-27', 'F', 'Cra 1 Anorte', '6692253', '3504396826', 'jhonjhon@gmail.com', 'ACTIVO', '$2y$10$UYRHjLi1IL1jLpwiNnPgKOn6xj7YGzK926NX9S9KMngunPqX1V5iC', '2021-01-05 13:15:43', 1005, 2, 11, 'ACC27473d80e56c54d580f0c3a85e6aadf3'),
(71, 'Jairo', 'Rivera Ordoñez', '1143880320', '1999-11-27', 'M', 'Cra 1 Anorte', '6692253', '3166429822', 'jjmyp2017@gmail.com', 'ACTIVO', '$2y$10$SXWVLa/6gwCNCENScXDF8.sSlKy1/sKuutMNZ/gTN0SUs51Bcsqgy', '2021-01-06 18:23:04', 780, 2, 11, 'ACCf8d22d81e005399e40449ae41181d278'),
(72, 'Jairo Rivera', 'Rivera', '1144176668', '2021-01-21', 'M', 'Cra 1 anorte # 10cn60', '6692253', '3222440461', 'developer3@grupoasistencia.com', 'ACTIVO', '$2y$10$FCxej9KT8VnOFLoI9cqc6.Vfd2V5wkDQniztxurP.jkfZD4.DoZoi', '2021-01-12 10:20:24', 1005, 1, 11, 'ACCeb24ac1f02303c61ff42cdb34b1c42c9'),
(73, 'Jairo Rivera', 'Rivera', '12389204', '2021-01-21', 'M', 'adasdas', '6692253', '3108460643', 'developer5@gmail.com', 'ACTIVO', '$2y$10$klir9JHcY9XOs4utWXeumeI5xsh1Z4HLohRCCjwyTc0Hh3/PiCbSa', '2021-01-14 12:37:53', 3, 2, 11, 'ACC0c349d7bf67a6fdf02aea52bf47b022f');

--
-- Índices para tablas volcadas
--

--
-- Indices de la tabla `aulas_virtuales`
--
ALTER TABLE `aulas_virtuales`
  ADD PRIMARY KEY (`id`),
  ADD KEY `fk_aulas_virtuales_categorias1` (`categorias_id`);

--
-- Indices de la tabla `categorias`
--
ALTER TABLE `categorias`
  ADD PRIMARY KEY (`id`);

--
-- Indices de la tabla `ciudades`
--
ALTER TABLE `ciudades`
  ADD PRIMARY KEY (`id`),
  ADD KEY `fk_ciudades_departamentos1` (`departamentos_id`);

--
-- Indices de la tabla `clientes`
--
ALTER TABLE `clientes`
  ADD PRIMARY KEY (`id`),
  ADD KEY `fk_clientes_tipos_documentos1` (`tipos_documentos_id`);

--
-- Indices de la tabla `comentarios`
--
ALTER TABLE `comentarios`
  ADD PRIMARY KEY (`id`);

--
-- Indices de la tabla `cotizaciones`
--
ALTER TABLE `cotizaciones`
  ADD PRIMARY KEY (`id`);

--
-- Indices de la tabla `departamentos`
--
ALTER TABLE `departamentos`
  ADD PRIMARY KEY (`id`),
  ADD KEY `fk_departamentos_paises1` (`paises_id`);

--
-- Indices de la tabla `expiraciones`
--
ALTER TABLE `expiraciones`
  ADD PRIMARY KEY (`id`);

--
-- Indices de la tabla `gd_clientes`
--
ALTER TABLE `gd_clientes`
  ADD PRIMARY KEY (`id`),
  ADD KEY `fk_gd_clientes_clientes1` (`clientes_id`);

--
-- Indices de la tabla `gd_polizas`
--
ALTER TABLE `gd_polizas`
  ADD PRIMARY KEY (`id`),
  ADD KEY `fk_gd_polizas_clientes1` (`clientes_id`);

--
-- Indices de la tabla `gd_siniestros`
--
ALTER TABLE `gd_siniestros`
  ADD PRIMARY KEY (`id`),
  ADD KEY `fk_gd_siniestros_clientes1` (`clientes_id`);

--
-- Indices de la tabla `modulos`
--
ALTER TABLE `modulos`
  ADD PRIMARY KEY (`id`);

--
-- Indices de la tabla `paises`
--
ALTER TABLE `paises`
  ADD PRIMARY KEY (`id`);

--
-- Indices de la tabla `permisos`
--
ALTER TABLE `permisos`
  ADD PRIMARY KEY (`id`),
  ADD KEY `fk_roles_has_vistas_vistas1` (`modulos_id`),
  ADD KEY `fk_roles_id1` (`roles_id`);

--
-- Indices de la tabla `polizas`
--
ALTER TABLE `polizas`
  ADD PRIMARY KEY (`id`);

--
-- Indices de la tabla `privilegios`
--
ALTER TABLE `privilegios`
  ADD PRIMARY KEY (`id`);

--
-- Indices de la tabla `roles`
--
ALTER TABLE `roles`
  ADD PRIMARY KEY (`id`);

--
-- Indices de la tabla `seguimientos`
--
ALTER TABLE `seguimientos`
  ADD PRIMARY KEY (`id`),
  ADD KEY `fk_seguimientos_comentarios1` (`comentarios_id`),
  ADD KEY `fk_seguimientos_clientes1` (`clientes_id`);

--
-- Indices de la tabla `tareas`
--
ALTER TABLE `tareas`
  ADD PRIMARY KEY (`id`),
  ADD KEY `fk_tareas_comentarios1` (`comentarios_id`);

--
-- Indices de la tabla `tipos_documentos`
--
ALTER TABLE `tipos_documentos`
  ADD PRIMARY KEY (`id`);

--
-- Indices de la tabla `usuarios`
--
ALTER TABLE `usuarios`
  ADD PRIMARY KEY (`id`),
  ADD KEY `fk_usuarios_ciudades1` (`ciudades_id`),
  ADD KEY `fk_usuarios_tipos_documentos1` (`tipos_documentos_id`),
  ADD KEY `fk_usuarios_roles1` (`roles_id`);

--
-- AUTO_INCREMENT de las tablas volcadas
--

--
-- AUTO_INCREMENT de la tabla `aulas_virtuales`
--
ALTER TABLE `aulas_virtuales`
  MODIFY `id` int(11) NOT NULL AUTO_INCREMENT;

--
-- AUTO_INCREMENT de la tabla `categorias`
--
ALTER TABLE `categorias`
  MODIFY `id` int(11) NOT NULL AUTO_INCREMENT;

--
-- AUTO_INCREMENT de la tabla `ciudades`
--
ALTER TABLE `ciudades`
  MODIFY `id` int(11) NOT NULL AUTO_INCREMENT, AUTO_INCREMENT=1122;

--
-- AUTO_INCREMENT de la tabla `clientes`
--
ALTER TABLE `clientes`
  MODIFY `id` int(11) NOT NULL AUTO_INCREMENT;

--
-- AUTO_INCREMENT de la tabla `comentarios`
--
ALTER TABLE `comentarios`
  MODIFY `id` int(11) NOT NULL AUTO_INCREMENT;

--
-- AUTO_INCREMENT de la tabla `cotizaciones`
--
ALTER TABLE `cotizaciones`
  MODIFY `id` int(11) NOT NULL AUTO_INCREMENT;

--
-- AUTO_INCREMENT de la tabla `departamentos`
--
ALTER TABLE `departamentos`
  MODIFY `id` int(11) NOT NULL AUTO_INCREMENT, AUTO_INCREMENT=34;

--
-- AUTO_INCREMENT de la tabla `expiraciones`
--
ALTER TABLE `expiraciones`
  MODIFY `id` int(11) NOT NULL AUTO_INCREMENT, AUTO_INCREMENT=10;

--
-- AUTO_INCREMENT de la tabla `modulos`
--
ALTER TABLE `modulos`
  MODIFY `id` int(11) NOT NULL AUTO_INCREMENT, AUTO_INCREMENT=15;

--
-- AUTO_INCREMENT de la tabla `paises`
--
ALTER TABLE `paises`
  MODIFY `id` int(11) NOT NULL AUTO_INCREMENT, AUTO_INCREMENT=2;

--
-- AUTO_INCREMENT de la tabla `permisos`
--
ALTER TABLE `permisos`
  MODIFY `id` int(11) NOT NULL AUTO_INCREMENT, AUTO_INCREMENT=151;

--
-- AUTO_INCREMENT de la tabla `polizas`
--
ALTER TABLE `polizas`
  MODIFY `id` int(11) NOT NULL AUTO_INCREMENT;

--
-- AUTO_INCREMENT de la tabla `privilegios`
--
ALTER TABLE `privilegios`
  MODIFY `id` int(11) NOT NULL AUTO_INCREMENT;

--
-- AUTO_INCREMENT de la tabla `roles`
--
ALTER TABLE `roles`
  MODIFY `id` int(11) NOT NULL AUTO_INCREMENT, AUTO_INCREMENT=19;

--
-- AUTO_INCREMENT de la tabla `seguimientos`
--
ALTER TABLE `seguimientos`
  MODIFY `id` int(11) NOT NULL AUTO_INCREMENT;

--
-- AUTO_INCREMENT de la tabla `tareas`
--
ALTER TABLE `tareas`
  MODIFY `id` int(11) NOT NULL AUTO_INCREMENT;

--
-- AUTO_INCREMENT de la tabla `tipos_documentos`
--
ALTER TABLE `tipos_documentos`
  MODIFY `id` int(11) NOT NULL AUTO_INCREMENT, AUTO_INCREMENT=3;

--
-- AUTO_INCREMENT de la tabla `usuarios`
--
ALTER TABLE `usuarios`
  MODIFY `id` int(11) NOT NULL AUTO_INCREMENT, AUTO_INCREMENT=74;

--
-- Restricciones para tablas volcadas
--

--
-- Filtros para la tabla `aulas_virtuales`
--
ALTER TABLE `aulas_virtuales`
  ADD CONSTRAINT `fk_aulas_virtuales_categorias1` FOREIGN KEY (`categorias_id`) REFERENCES `categorias` (`id`) ON DELETE NO ACTION ON UPDATE NO ACTION;

--
-- Filtros para la tabla `clientes`
--
ALTER TABLE `clientes`
  ADD CONSTRAINT `fk_clientes_tipos_documentos1` FOREIGN KEY (`tipos_documentos_id`) REFERENCES `tipos_documentos` (`id`) ON DELETE NO ACTION ON UPDATE NO ACTION;

--
-- Filtros para la tabla `gd_clientes`
--
ALTER TABLE `gd_clientes`
  ADD CONSTRAINT `fk_gd_clientes_clientes1` FOREIGN KEY (`clientes_id`) REFERENCES `clientes` (`id`) ON DELETE NO ACTION ON UPDATE NO ACTION;

--
-- Filtros para la tabla `gd_polizas`
--
ALTER TABLE `gd_polizas`
  ADD CONSTRAINT `fk_gd_polizas_clientes1` FOREIGN KEY (`clientes_id`) REFERENCES `clientes` (`id`) ON DELETE NO ACTION ON UPDATE NO ACTION;

--
-- Filtros para la tabla `gd_siniestros`
--
ALTER TABLE `gd_siniestros`
  ADD CONSTRAINT `fk_gd_siniestros_clientes1` FOREIGN KEY (`clientes_id`) REFERENCES `clientes` (`id`) ON DELETE NO ACTION ON UPDATE NO ACTION;

--
-- Filtros para la tabla `permisos`
--
ALTER TABLE `permisos`
  ADD CONSTRAINT `fk_modulos_id1` FOREIGN KEY (`modulos_id`) REFERENCES `modulos` (`id`) ON DELETE CASCADE ON UPDATE CASCADE,
  ADD CONSTRAINT `fk_roles_id1` FOREIGN KEY (`roles_id`) REFERENCES `roles` (`id`) ON DELETE CASCADE ON UPDATE CASCADE;

--
-- Filtros para la tabla `seguimientos`
--
ALTER TABLE `seguimientos`
  ADD CONSTRAINT `fk_seguimientos_clientes1` FOREIGN KEY (`clientes_id`) REFERENCES `clientes` (`id`) ON DELETE NO ACTION ON UPDATE NO ACTION,
  ADD CONSTRAINT `fk_seguimientos_comentarios1` FOREIGN KEY (`comentarios_id`) REFERENCES `comentarios` (`id`) ON DELETE NO ACTION ON UPDATE NO ACTION;

--
-- Filtros para la tabla `tareas`
--
ALTER TABLE `tareas`
  ADD CONSTRAINT `fk_tareas_comentarios1` FOREIGN KEY (`comentarios_id`) REFERENCES `comentarios` (`id`) ON DELETE NO ACTION ON UPDATE NO ACTION;

--
-- Filtros para la tabla `usuarios`
--
ALTER TABLE `usuarios`
  ADD CONSTRAINT `fk_usuarios_ciudades1` FOREIGN KEY (`ciudades_id`) REFERENCES `ciudades` (`id`) ON DELETE NO ACTION ON UPDATE NO ACTION,
  ADD CONSTRAINT `fk_usuarios_roles1` FOREIGN KEY (`roles_id`) REFERENCES `roles` (`id`) ON DELETE NO ACTION ON UPDATE NO ACTION,
  ADD CONSTRAINT `fk_usuarios_tipos_documentos1` FOREIGN KEY (`tipos_documentos_id`) REFERENCES `tipos_documentos` (`id`) ON DELETE NO ACTION ON UPDATE NO ACTION;
COMMIT;

/*!40101 SET CHARACTER_SET_CLIENT=@OLD_CHARACTER_SET_CLIENT */;
/*!40101 SET CHARACTER_SET_RESULTS=@OLD_CHARACTER_SET_RESULTS */;
/*!40101 SET COLLATION_CONNECTION=@OLD_COLLATION_CONNECTION */;
